Dyr, Billede,
Løve,Loeve_300x240.jpg
Surikat,surikat300x240.jpg
Amurleopard,leopard_300x240.jpg
Kappebavian,bavian300x240.jpg
Brun bjørn,Brunbjoern_300x240.jpg
Blisbuk,blisbuk300x240b.jpg
Chimpanse,Chimpanse_300x240.jpg
Totået dovendyr,dovendyr300x240.jpg
Vestafrikansk dværgged,Dvaergged_300x240.jpg
Dværghjort,dvaerghjort300x240.jpg
Asiatisk dværgodder,Dvaergodder_300x240.jpg
Asiatisk elefant,Elefant_300x240.jpg
Ægyptisk flyvende hund,flagermus300x240.jpg
Flodhest,Flodhest_300x240.jpg
Flodsvin,Flodsvin300x240.jpg
Balistær,Balistaer300x240.jpg
Abessinsk hornravn,Hornravn.jpg
Afrikansk dværgand,afrikansk_dvaergand_300x240.jpg
Cariberflaimgo,Flamingo_300x240.jpg
Congopåfugl,Congopaafugl300x240.jpg
Emu,Emu300x240.jpg
Europæisk sumpskildpadde,Europaeisk_sumpskildpadde300x240.jpg
Gulrandet æskeskildpadde,Guldrandet_aeskeskildpadde300x240.jpg
Vestafrikansk krokodille,Krokodille_300x240.jpg
Rødfodet skovskildpadde,Skovskildpadde_600x400.jpg
Smaragdskink,Smaragdskink300x240.jpg
Stor Madagaskar-daggekko,Stor_Madagaskar_daggekko300x240.jpg
Yemenkamæleon,Yemenkamaeleon300x240.jpg
Blå giftfrø,Blaa_giftfroe300x240.jpg
Klokkefrø,Klokkefroe300x240.jpg
Krokodillesalamander,Krokodillesalamander300x240.jpg
Rødøjet løvfrø,roedoejet_loevfroe300x240.jpg
Tomatfrø,Tomatfroe300x240.jpg
Skyttefisk,SkyttefiskA300x240.jpg
Tanganyikaciklide,Tanganyikaciklide300x240.jpg
Fugleedderkop,Fugleedderkop300x240.jpg
Kæmpetusindben,Kaempetusindben300x240.jpg
Kejserskorpion,Kejserskorpion300x240.jpg
Plettet rovtæge,Plettet_rovtaege300x240.jpg
Amurtiger, Tiger_300x240.jpg
Baktrisk kamel, kamel_300x240.jpg
Brun rotte, rotte300x240.jpg
Californisk søløve, Soeloeve_300x240.jpg
Dværgsilkeabe, dvaergsilkeabe300x240.jpg
Grå ulv, Ulv_300x240.jpg
Guanaco, guanaco300x240.jpg
Gylden løveabe, loeveabe300x240.jpg
Hvidhåndet gibbon, Gibbon_300x240.jpg
Impala, Impala_300x240.jpg
Isbjørn, Isbjoern_300x240.jpg
Kattelemur, kattalemur300x240.jpg
Kænguru, Kaenguru_300x240.jpg
Lama, Lama_300x240.jpg
Moskusokse, Moskusokse_300x240.jpg
Netgiraf, giraf300x240.jpg
Okapi, Okapi_300x240.jpg
Polarræv, polarraev300x240.jpg
Rensdyr, Rensdyr_300x240.jpg
Rødpanda, Roed_panda_300x240.jpg
Sabelantilope, sabelantilope300x240.jpg
Spættet sæl, sael300x240.jpg
Stor myresluger, Myresluger_300x240.jpg
Sydligt bredsnudet næsehorn, Naesehorn_300x240.jpg
Tamhest, tamhest300x240.jpg
Tamkvæg, tyrekalv300x240.jpg
Tamsvin, tamsvin300x240.jpg
Østafrikansk zebra, Zebra_300x240.jpg
Humholdtpingvin, Pingviner_300x240.jpg
Hvid stork, Hvid_stork300x240.jpg
Krøltoppet pelikan, Kroeltoppet_peilikan300x240.jpg
Kæmpetukan, Roednaebbet_tukan300x240.jpg
Rouenand, Rouen-and300x240.jpg
Sneugle, sneugle300x240.jpg
Struds, Struds300x240.jpg
Huskat,huskat.jpg
Hund,hund.JPG
Blåhval, blahvalfamilie.jpeg
Delfin, delfin.jpg
Hvidhaj, hvidhaj.jpg
Sild,sild.jpeg
Laks,laks.jpg
Torsk,torsk.jpg
Elg,elg.jpg
Stankelben,stankelben.jpg
Panda,panda.jpg
Bænkebidder,baenkebidder.jpg
Mariehøne,mariehoene.jpg
Flåt,flaat.jpg
Mejer,mejer.jpeg
Sommerfugl,admiralsommerfugl.jpg
Flue,flue.jpg

