FrontUpper1, FrontLower1
Text, Image
Løve, Zoo/Loeve_300x240.jpg
Surikat, Zoo/surikat300x240.jpg
Amurleopard, Zoo/leopard_300x240.jpg
Kappebavian, Zoo/bavian300x240.jpg
Brun bjørn, Zoo/Brunbjoern_300x240.jpg
Blisbuk, Zoo/blisbuk300x240b.jpg
Chimpanse, Zoo/Chimpanse_300x240.jpg
Totået dovendyr, Zoo/dovendyr300x240.jpg
Vestafrikansk dværgged, Zoo/Dvaergged_300x240.jpg
Dværghjort, Zoo/dvaerghjort300x240.jpg
Asiatisk dværgodder, Zoo/Dvaergodder_300x240.jpg
Asiatisk elefant, Zoo/Elefant_300x240.jpg
Ægyptisk flyvende hund, Zoo/flagermus300x240.jpg
Flodhest, Zoo/Flodhest_300x240.jpg
Flodsvin, Zoo/Flodsvin300x240.jpg
Balistær, Zoo/Balistaer300x240.jpg
Abessinsk hornravn, Zoo/Hornravn.jpg
Afrikansk dværgand, Zoo/afrikansk_dvaergand_300x240.jpg
Cariberflaimgo, Zoo/Flamingo_300x240.jpg
Congopåfugl, Zoo/Congopaafugl300x240.jpg
Emu, Zoo/Emu300x240.jpg
Europæisk sumpskildpadde, Zoo/Europaeisk_sumpskildpadde300x240.jpg
Gulrandet æskeskildpadde, Zoo/Guldrandet_aeskeskildpadde300x240.jpg
Vestafrikansk krokodille, Zoo/Krokodille_300x240.jpg
Rødfodet skovskildpadde, Zoo/Skovskildpadde_600x400.jpg
Smaragdskink, Zoo/Smaragdskink300x240.jpg
Stor Madagaskar-daggekko, Zoo/Stor_Madagaskar_daggekko300x240.jpg
Yemenkamæleon, Zoo/Yemenkamaeleon300x240.jpg
Blå giftfrø, Zoo/Blaa_giftfroe300x240.jpg
Klokkefrø, Zoo/Klokkefroe300x240.jpg
Krokodillesalamander, Zoo/Krokodillesalamander300x240.jpg
Rødøjet løvfrø, Zoo/roedoejet_loevfroe300x240.jpg
Tomatfrø, Zoo/Tomatfroe300x240.jpg
Skyttefisk, Zoo/SkyttefiskA300x240.jpg
Tanganyikaciklide, Zoo/Tanganyikaciklide300x240.jpg
Fugleedderkop, Zoo/Fugleedderkop300x240.jpg
Kæmpetusindben, Zoo/Kaempetusindben300x240.jpg
Kejserskorpion, Zoo/Kejserskorpion300x240.jpg
Plettet rovtæge, Zoo/Plettet_rovtaege300x240.jpg
Amurtiger, Zoo/Tiger_300x240.jpg
Baktrisk kamel, Zoo/kamel_300x240.jpg
Brun rotte, Zoo/rotte300x240.jpg
Californisk søløve, Zoo/Soeloeve_300x240.jpg
Dværgsilkeabe, Zoo/dvaergsilkeabe300x240.jpg
Grå ulv, Zoo/Ulv_300x240.jpg
Guanaco, Zoo/guanaco300x240.jpg
Gylden løveabe, Zoo/loeveabe300x240.jpg
Hvidhåndet gibbon, Zoo/Gibbon_300x240.jpg
Impala, Zoo/Impala_300x240.jpg
Isbjørn, Zoo/Isbjoern_300x240.jpg
Kattelemur, Zoo/kattalemur300x240.jpg
Kænguru, Zoo/Kaenguru_300x240.jpg
Lama, Zoo/Lama_300x240.jpg
Moskusokse, Zoo/Moskusokse_300x240.jpg
Netgiraf, Zoo/giraf300x240.jpg
Okapi, Zoo/Okapi_300x240.jpg
Polarræv, Zoo/polarraev300x240.jpg
Rensdyr, Zoo/Rensdyr_300x240.jpg
Rødpanda, Zoo/Roed_panda_300x240.jpg
Sabelantilope, Zoo/sabelantilope300x240.jpg
Spættet sæl, Zoo/sael300x240.jpg
Stor myresluger, Zoo/Myresluger_300x240.jpg
Sydligt bredsnudet næsehorn, Zoo/Naesehorn_300x240.jpg
Tamhest, Zoo/tamhest300x240.jpg
Tamkvæg, Zoo/tyrekalv300x240.jpg
Tamsvin, Zoo/tamsvin300x240.jpg
Østafrikansk zebra, Zoo/Zebra_300x240.jpg
Humholdtpingvin, Zoo/Pingviner_300x240.jpg
Hvid stork, Zoo/Hvid_stork300x240.jpg
Krøltoppet pelikan, Zoo/Kroeltoppet_peilikan300x240.jpg
Kæmpetukan, Zoo/Roednaebbet_tukan300x240.jpg
Rouenand, Zoo/Rouen-and300x240.jpg
Sneugle, Zoo/sneugle300x240.jpg
Struds, Zoo/Struds300x240.jpg
Huskat, Zoo/huskat.jpg
Hund, Zoo/hund.JPG
Blåhval, Zoo/blahvalfamilie.jpeg
Delfin, Zoo/delfin.jpg
Hvidhaj, Zoo/hvidhaj.jpg
Sild, Zoo/sild.jpeg
Laks, Zoo/laks.jpg
Torsk, Zoo/torsk.jpg
Elg, Zoo/elg.jpg
Stankelben, Zoo/stankelben.jpg
Panda, Zoo/panda.jpg
Bænkebidder, Zoo/baenkebidder.jpg
Mariehøne, Zoo/mariehoene.jpg
Flåt, Zoo/flaat.jpg
Mejer, Zoo/mejer.jpeg
Sommerfugl, Zoo/admiralsommerfugl.jpg
Flue, Zoo/flue.jpg

